queries_evaluated,Recall@5,Recall@10,MRR,nDCG@10,context_noise,avg_retrieved_nodes,missing_predictions
280,0.21989972349202225,0.2590408799546073,0.4570124716553288,0.25129472482636994,0.8379804421768707,8.221428571428572,0
