queries_evaluated,Recall@5,Recall@10,MRR,nDCG@10,context_noise,avg_retrieved_nodes,missing_predictions
280,0.2492512122779427,0.2936546857885591,0.496968537414966,0.2846990963276343,0.817406462585034,8.221428571428572,0
