queries_evaluated,Recall@5,Recall@10,MRR,nDCG@10,context_noise,avg_retrieved_nodes,missing_predictions
280,0.20455479925377096,0.23724329131726302,0.4833857709750567,0.25327186078661434,0.8387414965986395,8.396428571428572,0
