method,queries_evaluated,Recall@5,Recall@10,MRR,nDCG@10,context_noise,avg_retrieved_nodes,missing_predictions
chunks,888,0.091355,0.10847,0.074511,0.07622,0.973701,8.709459,0
chunks,888,0.109237,0.115678,0.087864,0.200767,0.980614,8.709459,0
windows,888,0.075041,0.106155,0.062879,0.068844,0.973476,8.709459,0
windows,888,0.089999,0.10939,0.079622,0.221462,0.981628,8.709459,0
