method,queries_evaluated,Recall@5,Recall@10,MRR,nDCG@10,context_noise,avg_retrieved_nodes,missing_predictions
absolute,888,0.091355,0.10847,0.074511,0.07622,0.973701,8.709459,0
absolute,888,0.109237,0.115678,0.087864,0.200767,0.980614,8.709459,0
percentile,888,0.091355,0.10847,0.074511,0.07622,0.973701,8.708333,0
percentile,888,0.109237,0.115678,0.087864,0.200767,0.980614,8.708333,0
rank,888,0.091355,0.10847,0.074511,0.07622,0.973701,8.708333,0
rank,888,0.109237,0.115678,0.087864,0.200755,0.980614,8.708333,0
