{
  "swaga_chunks_vs_bm25": {
    "method_A": "swaga_chunks",
    "method_B": "bm25",
    "relevance": {
      "win_A": 0.22666666666666666,
      "tie": 0.11333333333333333,
      "win_B": 0.66,
      "n_queries": 150
    },
    "cleanliness": {
      "win_A": 0.6533333333333333,
      "tie": 0.13333333333333333,
      "win_B": 0.21333333333333335,
      "n_queries": 150
    },
    "sufficiency": {
      "win_A": 0.22,
      "tie": 0.12,
      "win_B": 0.66,
      "n_queries": 150
    },
    "overall": {
      "win_A": 0.3666666666666667,
      "tie": 0.12222222222222222,
      "win_B": 0.5111111111111112
    }
  },
  "swaga_chunks_vs_bm25_heuristic": {
    "method_A": "swaga_chunks",
    "method_B": "bm25_heuristic",
    "relevance": {
      "win_A": 0.22666666666666666,
      "tie": 0.10666666666666667,
      "win_B": 0.6666666666666666,
      "n_queries": 150
    },
    "cleanliness": {
      "win_A": 0.5066666666666667,
      "tie": 0.13333333333333333,
      "win_B": 0.36,
      "n_queries": 150
    },
    "sufficiency": {
      "win_A": 0.23333333333333334,
      "tie": 0.10666666666666667,
      "win_B": 0.66,
      "n_queries": 150
    },
    "overall": {
      "win_A": 0.32222222222222224,
      "tie": 0.11555555555555556,
      "win_B": 0.5622222222222222
    }
  },
  "swaga_chunks_vs_dense": {
    "method_A": "swaga_chunks",
    "method_B": "dense",
    "relevance": {
      "win_A": 0.22666666666666666,
      "tie": 0.21333333333333335,
      "win_B": 0.56,
      "n_queries": 150
    },
    "cleanliness": {
      "win_A": 0.84,
      "tie": 0.04666666666666667,
      "win_B": 0.11333333333333333,
      "n_queries": 150
    },
    "sufficiency": {
      "win_A": 0.24,
      "tie": 0.2,
      "win_B": 0.56,
      "n_queries": 150
    },
    "overall": {
      "win_A": 0.43555555555555553,
      "tie": 0.15333333333333335,
      "win_B": 0.41111111111111115
    }
  },
  "swaga_chunks_vs_dense_heuristic": {
    "method_A": "swaga_chunks",
    "method_B": "dense_heuristic",
    "relevance": {
      "win_A": 0.19333333333333333,
      "tie": 0.14,
      "win_B": 0.6666666666666666,
      "n_queries": 150
    },
    "cleanliness": {
      "win_A": 0.5266666666666666,
      "tie": 0.16666666666666666,
      "win_B": 0.30666666666666664,
      "n_queries": 150
    },
    "sufficiency": {
      "win_A": 0.2,
      "tie": 0.12666666666666668,
      "win_B": 0.6733333333333333,
      "n_queries": 150
    },
    "overall": {
      "win_A": 0.30666666666666664,
      "tie": 0.14444444444444446,
      "win_B": 0.5488888888888889
    }
  },
  "swaga_windows_vs_bm25": {
    "method_A": "swaga_windows",
    "method_B": "bm25",
    "relevance": {
      "win_A": 0.6733333333333333,
      "tie": 0.09333333333333334,
      "win_B": 0.23333333333333334,
      "n_queries": 150
    },
    "cleanliness": {
      "win_A": 0.8533333333333334,
      "tie": 0.02,
      "win_B": 0.12666666666666668,
      "n_queries": 150
    },
    "sufficiency": {
      "win_A": 0.6733333333333333,
      "tie": 0.09333333333333334,
      "win_B": 0.23333333333333334,
      "n_queries": 150
    },
    "overall": {
      "win_A": 0.7333333333333334,
      "tie": 0.06888888888888889,
      "win_B": 0.1977777777777778
    }
  },
  "swaga_windows_vs_bm25_heuristic": {
    "method_A": "swaga_windows",
    "method_B": "bm25_heuristic",
    "relevance": {
      "win_A": 0.62,
      "tie": 0.09333333333333334,
      "win_B": 0.2866666666666667,
      "n_queries": 150
    },
    "cleanliness": {
      "win_A": 0.8066666666666666,
      "tie": 0.04666666666666667,
      "win_B": 0.14666666666666667,
      "n_queries": 150
    },
    "sufficiency": {
      "win_A": 0.64,
      "tie": 0.08,
      "win_B": 0.28,
      "n_queries": 150
    },
    "overall": {
      "win_A": 0.6888888888888888,
      "tie": 0.07333333333333333,
      "win_B": 0.23777777777777778
    }
  },
  "swaga_windows_vs_dense": {
    "method_A": "swaga_windows",
    "method_B": "dense",
    "relevance": {
      "win_A": 0.7666666666666667,
      "tie": 0.04666666666666667,
      "win_B": 0.18666666666666668,
      "n_queries": 150
    },
    "cleanliness": {
      "win_A": 0.9466666666666667,
      "tie": 0.02,
      "win_B": 0.03333333333333333,
      "n_queries": 150
    },
    "sufficiency": {
      "win_A": 0.7533333333333333,
      "tie": 0.06,
      "win_B": 0.18666666666666668,
      "n_queries": 150
    },
    "overall": {
      "win_A": 0.8222222222222223,
      "tie": 0.042222222222222223,
      "win_B": 0.13555555555555557
    }
  },
  "swaga_windows_vs_dense_heuristic": {
    "method_A": "swaga_windows",
    "method_B": "dense_heuristic",
    "relevance": {
      "win_A": 0.6266666666666667,
      "tie": 0.08,
      "win_B": 0.29333333333333333,
      "n_queries": 150
    },
    "cleanliness": {
      "win_A": 0.84,
      "tie": 0.06,
      "win_B": 0.1,
      "n_queries": 150
    },
    "sufficiency": {
      "win_A": 0.64,
      "tie": 0.07333333333333333,
      "win_B": 0.2866666666666667,
      "n_queries": 150
    },
    "overall": {
      "win_A": 0.7022222222222222,
      "tie": 0.07111111111111111,
      "win_B": 0.22666666666666668
    }
  },
  "swaga_windows_vs_swaga_chunks": {
    "method_A": "swaga_windows",
    "method_B": "swaga_chunks",
    "relevance": {
      "win_A": 0.8733333333333333,
      "tie": 0.12666666666666668,
      "win_B": 0.0,
      "n_queries": 150
    },
    "cleanliness": {
      "win_A": 0.94,
      "tie": 0.05333333333333334,
      "win_B": 0.006666666666666667,
      "n_queries": 150
    },
    "sufficiency": {
      "win_A": 0.8933333333333333,
      "tie": 0.10666666666666667,
      "win_B": 0.0,
      "n_queries": 150
    },
    "overall": {
      "win_A": 0.9022222222222221,
      "tie": 0.09555555555555556,
      "win_B": 0.0022222222222222222
    }
  }
}